Group,filopodia,thin,longthin,mushroom,stubby,bifurcated,motile,stable,total,GABAARs,Developmental Stage,Sex
L23-WT35-F,3.74,10.48,8.23,11.23,1.5,0.9,22.45,13.63,36.08,Yes,Pubertal,Female
L23-WT35-F,3.17,14.02,9.72,12.66,0.68,1.08,26.91,14.42,41.33,Yes,Pubertal,Female
L23-WT35-F,4.56,12.8,5.86,6.08,0.22,1.81,23.22,8.11,31.33,Yes,Pubertal,Female
L23-WT35-F,5.21,17,13.37,9.52,1.36,0.6,35.58,11.48,47.06,Yes,Pubertal,Female
L23-WT35-F,1.5,14.7,2.7,4.8,0.9,0.3,18.9,6,24.9,Yes,Pubertal,Female
L23-WT35-F,2.7,3.9,1.2,2.7,0.9,2.67,7.8,6.27,14.07,Yes,Pubertal,Female
L23-WT35-F,2.06,13.57,6.58,9.05,3.08,1.53,22.21,13.66,35.87,Yes,Pubertal,Female
L23-WT35-F,3.32,14.03,7.4,20.66,2.04,0.95,24.75,23.65,48.4,Yes,Pubertal,Female
L23-WT35-F,2.54,12.07,6.99,13.02,2.54,2.72,21.6,18.28,39.88,Yes,Pubertal,Female
L23-WT35-F,1.21,13.3,6.35,5.74,3.63,1.35,20.86,10.72,31.58,Yes,Pubertal,Female
L23-WT35-F,0.68,13.51,4.73,6.42,3.38,0.91,18.92,10.71,29.63,Yes,Pubertal,Female
L23-WT35-F,0.91,9.6,2.74,2.74,2.29,1.08,13.25,6.11,19.36,Yes,Pubertal,Female
L23-WT35-F,1.08,8.67,2.89,3.97,0.36,1.26,12.64,5.59,18.23,Yes,Pubertal,Female
L23-WT35-F,2.52,7.21,4.32,13.52,3.6,0.51,14.05,17.63,31.68,Yes,Pubertal,Female
L23-WT35-F,1.02,10.7,1.78,8.41,4.33,0,13.5,12.74,26.24,Yes,Pubertal,Female
L23-WT35-F,0.88,8.1,4.38,8.32,3.5,0.26,13.36,12.08,25.44,Yes,Pubertal,Female
L23-WT35-F,1.3,11.15,2.59,7.26,3.11,0,15.04,10.37,25.41,Yes,Pubertal,Female
L23-WT56-F,0.68221,11.9386,1.70551,5.11654,4.09323,1.12049,14.32632,10.33026,24.65658,Yes,Postpubertal,Female
L23-WT56-F,1.56869,7.61933,5.82655,6.94704,1.12049,1.41044,15.01457,9.47797,24.49254,Yes,Postpubertal,Female
L23-WT56-F,2.5858,10.10813,5.40668,7.99248,0.94029,0.41314,18.10061,9.34591,27.44652,Yes,Postpubertal,Female
L23-WT56-F,1.65255,7.43648,3.71824,4.54452,0.41314,0,12.80727,4.95766,17.76493,Yes,Postpubertal,Female
L23-WT56-F,1.21902,9.75213,2.74279,6.39984,1.82852,0,13.71394,8.22836,21.9423,Yes,Postpubertal,Female
L23-WT56-F,1.29496,9.92806,3.02158,5.17986,3.02158,0,14.2446,8.20144,22.44604,Yes,Postpubertal,Female
L23-WT56-F,0,5.84131,1.9471,0.97355,0.97355,0.19091,7.78841,2.13801,9.92642,Yes,Postpubertal,Female
L23-WT56-F,1.14548,9.1638,2.86369,1.71821,0.76365,1.28977,13.17297,3.77163,16.9446,Yes,Postpubertal,Female
L23-WT56-F,1.03181,8.51247,2.57954,2.32158,1.54772,0.40656,12.12382,4.27586,16.39968,Yes,Postpubertal,Female
L23-WT56-F,0.40656,2.43935,4.06559,7.31806,2.43935,0,6.9115,9.75741,16.66891,Yes,Postpubertal,Female
L23-WT56-F,0.51212,4.09696,0,0.51212,0.51212,0.56618,4.60908,1.59042,6.1995,Yes,Postpubertal,Female
L23-WT56-F,0.56618,3.77453,1.32109,0.75491,1.50981,0.27778,5.6618,2.5425,8.2043,Yes,Postpubertal,Female
L23-WT56-F,0,5.27778,1.11111,3.33333,0.55556,0.36456,6.38889,4.25345,10.64234,Yes,Postpubertal,Female
L23-WT56-F,0.36456,4.73934,1.45826,1.82282,0.36456,0.41586,6.56216,2.60324,9.1654,Yes,Postpubertal,Female
L23-WT56-F,0,4.15858,1.24757,3.74272,2.07929,0,5.40615,5.82201,11.22816,Yes,Postpubertal,Female
L23-WT56-F,1.64781,4.61386,3.29562,6.59123,1.31825,0,9.55729,7.90948,17.46677,Yes,Postpubertal,Female
L23-WT56-F,0.29002,2.32019,1.16009,2.03016,3.19026,0.26258,3.7703,5.483,9.2533,Yes,Postpubertal,Female
L23-WT56-F,1.83807,11.02845,7.08972,3.67615,1.57549,0,19.95624,5.25164,25.20788,Yes,Postpubertal,Female
L23-WT56-F,0.93366,6.81941,2.80893,3.94306,1.56927,0.43009,10.562,5.94242,16.50442,Yes,Postpubertal,Female
L23-WT56-F,0.17388,0.72,0.43856,0.57195,0.24782,0.11101,1.33244,0.93078,2.26322,Yes,Postpubertal,Female
L23-WT56-F,0.000543658,5.90878E-05,0.002765151,0.000324758,0.06223851,0.00128961,0.003367897,0.063852878,0.067220775,Yes,Postpubertal,Female
L23-KO35-F,2.42948,11.33756,5.06141,8.09826,2.22702,0.73674,18.82845,11.06202,29.89047,No,Pubertal,Female
L23-KO35-F,2.94695,11.29666,4.42043,5.64833,3.68369,2.01022,18.66404,11.34224,30.00628,No,Pubertal,Female
L23-KO35-F,2.01022,14.82536,9.79982,5.77938,3.76916,1.09369,26.6354,10.64223,37.27763,No,Pubertal,Female
L23-KO35-F,1.91396,14.21801,6.83558,9.84324,2.46081,2.03712,22.96755,14.34117,37.30872,No,Pubertal,Female
L23-KO35-F,3.3952,14.25985,7.12992,7.80896,4.07424,0.90371,24.78497,12.78691,37.57188,No,Pubertal,Female
L23-KO35-F,2.40988,23.49633,5.42223,6.62717,4.81976,2.1268,31.32844,13.57373,44.90217,No,Pubertal,Female
L23-KO35-F,3.64594,11.54547,6.07656,9.41868,4.86125,4.34783,21.26797,18.62776,39.89573,No,Pubertal,Female
L23-KO35-F,5.7971,13.4058,8.69565,10.86957,6.15942,2.00334,27.89855,19.03233,46.93088,No,Pubertal,Female
L23-KO35-F,5.00835,13.0217,10.68447,20.70117,2.00334,3.66122,28.71452,26.36573,55.08025,No,Pubertal,Female
L23-KO35-F,3.66122,10.98365,11.34977,14.27874,3.29509,1.70207,25.99464,19.2759,45.27054,No,Pubertal,Female
L23-KO35-F,2.64767,10.40156,5.10622,7.56477,3.21503,1.8403,18.15545,12.6201,30.77555,No,Pubertal,Female
L23-KO35-F,3.37389,19.62989,9.50823,5.52091,3.98732,0.39912,32.51201,9.90735,42.41936,No,Pubertal,Female
L23-KO35-F,2.19517,11.7741,6.58551,3.19298,1.79605,1.1185,20.55478,6.10753,26.66231,No,Pubertal,Female
L23-KO35-F,5.21966,7.64307,5.21966,6.89741,2.05058,0,18.08239,8.94799,27.03038,No,Pubertal,Female
L23-KO56-F,4.15033,20.40581,8.30067,9.68411,3.80447,0.55835,32.85681,14.04693,46.90374,No,Postpubertal,Female
L23-KO56-F,1.11669,18.98381,6.14182,3.90843,1.67504,0,26.24232,5.58347,31.82579,No,Postpubertal,Female
L23-KO56-F,1.97647,11.29412,5.92941,4.8,3.38824,0.29732,19.2,8.48556,27.68556,No,Postpubertal,Female
L23-KO56-F,2.37859,14.56888,4.16254,3.86521,2.08127,0.6632,21.11001,6.60968,27.71969,No,Postpubertal,Female
L23-KO56-F,4.64242,12.60086,8.29004,9.61645,4.64242,0.3886,25.53332,14.64747,40.18079,No,Postpubertal,Female
L23-KO56-F,3.69171,11.85233,7.18912,6.99482,3.49741,0.78678,22.73316,11.27901,34.01217,No,Postpubertal,Female
L23-KO56-F,2.09809,10.75269,3.14713,4.19617,1.83582,0,15.99791,6.03199,22.0299,No,Postpubertal,Female
L23-KO56-F,0.48131,10.5888,4.81309,3.85047,2.88785,0.9666,15.8832,7.70492,23.58812,No,Postpubertal,Female
L23-KO56-F,3.86639,19.00977,11.59918,7.08839,1.9332,0.9312,34.47534,9.95279,44.42813,No,Postpubertal,Female
L23-KO56-F,1.86239,14.58872,4.03518,5.58717,3.72478,1.45867,20.48629,10.77062,31.25691,No,Postpubertal,Female
L23-KO56-F,2.43112,19.69206,4.37601,6.80713,1.70178,1.35294,26.49919,9.86185,36.36104,No,Postpubertal,Female
L23-KO56-F,1.35294,19.75286,3.78822,4.87057,2.1647,2.58732,24.89402,9.62259,34.51661,No,Postpubertal,Female
L23-KO56-F,4.39845,20.69858,7.76197,10.34929,1.81113,0.96852,32.859,13.12894,45.98794,No,Postpubertal,Female
L23-KO56-F,1.93705,14.04358,7.74818,10.16949,3.63196,2.11204,23.72881,15.91349,39.6423,No,Postpubertal,Female
L23-KO56-F,2.71548,18.10319,9.65503,12.97395,5.12924,0.73867,30.4737,18.84186,49.31556,No,Postpubertal,Female
L23-KO56-F,3.93959,16.0046,4.18582,7.14051,5.17072,0.42088,24.13001,12.73211,36.86212,No,Postpubertal,Female
L23-KO56-F,0.84175,15.15152,3.78788,4.20875,1.26263,0,19.78115,5.47138,25.25253,No,Postpubertal,Female
L5-WT56-F,0,1.954652072,0.390930414,0.390930414,1.172791243,0,2.345582486,1.563721658,3.909304144,Yes,Postpubertal,Female
L5-WT56-F,0,7.789959608,0.432775534,0,0,0,8.222735141,0,8.222735141,Yes,Postpubertal,Female
L5-WT56-F,0,2.322700526,0.464540105,0.464540105,0.929080211,0,2.787240632,1.393620316,4.180860948,Yes,Postpubertal,Female
L5-WT56-F,0,3.129709053,0,0.34774545,0,0,3.129709053,0.34774545,3.477454503,Yes,Postpubertal,Female
L5-WT56-F,0,3.491416933,0.436427117,0.436427117,0,0,3.92784405,0.436427117,4.364271167,Yes,Postpubertal,Female
L5-WT56-F,0,0.566786322,0,1.133572643,1.700358965,0,0.566786322,2.833931608,3.400717929,Yes,Postpubertal,Female
L5-WT56-F,0,1.746555405,0.582185135,0.582185135,0,0,2.328740539,0.582185135,2.910925674,Yes,Postpubertal,Female
L5-WT56-F,0,0.368640944,0,0,0,0,0.368640944,0,0.368640944,Yes,Postpubertal,Female
L5-WT56-F,0,1.174628034,0.391542678,0,0.391542678,0,1.566170713,0.391542678,1.957713391,Yes,Postpubertal,Female
L5-WT56-F,0,2.827817344,0,0,0.942605781,0,2.827817344,0.942605781,3.770423125,Yes,Postpubertal,Female
L5-WT56-F,0,4.200840168,0.600120024,0,0,0,4.800960192,0,4.800960192,Yes,Postpubertal,Female
L5-WT56-F,0,4.300234558,1.563721658,1.563721658,3.518373729,0,5.863956216,5.082095387,10.9460516,Yes,Postpubertal,Female
L5-WT56-F,0,4.327755338,0.865551068,0.865551068,0.865551068,0.432775534,5.193306405,2.163877669,7.357184074,Yes,Postpubertal,Female
L5-WT56-F,0,1.858160421,0,1.393620316,2.787240632,0,1.858160421,4.180860948,6.039021369,Yes,Postpubertal,Female
L5-WT56-F,0,4.520690854,0.695490901,1.738727252,2.086472702,0,5.216181755,3.825199954,9.041381709,Yes,Postpubertal,Female
L5-WT56-F,0,1.30928135,0.436427117,1.30928135,2.182135583,0,1.745708467,3.491416933,5.2371254,Yes,Postpubertal,Female
L5-WT56-F,0,0.566786322,1.700358965,1.133572643,1.133572643,0,2.267145286,2.267145286,4.534290572,Yes,Postpubertal,Female
L5-WT56-F,0.582185135,1.16437027,0.582185135,0.582185135,2.328740539,0,2.328740539,2.910925674,5.239666214,Yes,Postpubertal,Female
L5-WT56-F,0,4.055050381,0,0,4.055050381,0,4.055050381,4.055050381,8.110100762,Yes,Postpubertal,Female
L5-WT56-F,0.391542678,2.740798747,1.566170713,0.391542678,0,0,4.698512138,0.391542678,5.090054816,Yes,Postpubertal,Female
L5-WT56-F,0.314201927,5.027230834,1.885211563,1.256807708,0,0.314201927,7.226644323,1.571009636,8.797653959,Yes,Postpubertal,Female
L5-WT56-F,0,5.401080216,3.600720144,0,0.600120024,0,9.00180036,0.600120024,9.601920384,Yes,Postpubertal,Female
L5-WT56-F,0,4,3,2,3,0,7,5,12,Yes,Postpubertal,Female
L5-WT56-F,2,1,2,3,2,2,5,7,12,Yes,Postpubertal,Female
L5-WT56-F,2,4,1,5,0,0,7,5,12,Yes,Postpubertal,Female
L5-WT56-F,0,0,1,1,0,0,1,1,2,Yes,Postpubertal,Female
L5-WT56-F,0,0,0,1,1,0,0,2,2,Yes,Postpubertal,Female
L5-WT56-F,1,4,0,2,2,0,5,4,9,Yes,Postpubertal,Female
L5-WT56-F,1,4,0,3,0,1,5,4,9,Yes,Postpubertal,Female
L5-WT56-F,2,2,1,1,1,0,5,2,7,Yes,Postpubertal,Female
L5-WT56-F,4,3,0,1,0,0,7,1,8,Yes,Postpubertal,Female
L5-WT56-F,0,0,0,2,2,0,0,4,4,Yes,Postpubertal,Female
L5-WT56-F,0,2,0,0,0,0,2,0,2,Yes,Postpubertal,Female
L5-WT56-F,1,1,0,2,0,0,2,2,4,Yes,Postpubertal,Female
L5-WT56-F,0,2,2,3,3,0,4,6,10,Yes,Postpubertal,Female
L5-WT56-F,1,5,2,2,0,0,8,2,10,Yes,Postpubertal,Female
L5-WT56-F,0,4,1,2,2,0,5,4,9,Yes,Postpubertal,Female
L5-WT56-F,0,0,2,2,1,0,2,3,5,Yes,Postpubertal,Female
L5-WT56-F,0,2,0,0,0,0,2,0,2,Yes,Postpubertal,Female
L5-WT56-F,0,1,1,1,0,0,2,1,3,Yes,Postpubertal,Female
L5-WT56-F,1,6,0,0,1,0,7,1,8,Yes,Postpubertal,Female
L5-WT56-F,0,6,0,0,2,0,6,2,8,Yes,Postpubertal,Female
L5-WT56-F,0,2,2,1,0,0,4,1,5,Yes,Postpubertal,Female
L5-WT56-F,0,4,0,0,0,0,4,0,4,Yes,Postpubertal,Female
L5-WT28-F,1.008403361,3.697478992,1.008403361,0.672268908,0,0,5.714285714,0.672268908,6.386554622,Yes,Prepubertal,Female
L5-WT28-F,1,1,2,2,1,0,4,3,7,Yes,Prepubertal,Female
L5-WT28-F,0,1,2,3,0,2,3,5,8,Yes,Prepubertal,Female
L5-WT28-F,0,4,4,2,0,1,8,3,11,Yes,Prepubertal,Female
L5-WT28-F,2,4,2,4,2,2,8,8,16,Yes,Prepubertal,Female
L5-WT28-F,0,4,0,4,2,1,4,7,11,Yes,Prepubertal,Female
L5-WT28-F,1,2,2,7,1,1,5,9,14,Yes,Prepubertal,Female
L5-WT28-F,2,3,3,2,0,1,8,3,11,Yes,Prepubertal,Female
L5-WT28-F,3,2,2,2,1,0,7,3,10,Yes,Prepubertal,Female
L5-WT28-F,1,2,2,4,3,2,5,9,14,Yes,Prepubertal,Female
L5-WT28-F,1,2,3,3,1,2,6,6,12,Yes,Prepubertal,Female
L5-WT28-F,3,4,1,4,4,1,8,9,17,Yes,Prepubertal,Female
L5-WT28-F,3,2,5,4,0,0,10,4,14,Yes,Prepubertal,Female
L5-WT28-F,1,0,2,2,2,0,3,4,7,Yes,Prepubertal,Female
L5-WT28-F,1,4,4,4,3,0,9,7,16,Yes,Prepubertal,Female
L5-WT28-F,1,2,2,9,1,0,5,10,15,Yes,Prepubertal,Female
L5-WT28-F,0,0,1,5,0,0,1,5,6,Yes,Prepubertal,Female
L5-WT28-F,0,3,0,4,3,0,3,7,10,Yes,Prepubertal,Female
L5-WT28-F,1,1,2,9,1,0,4,10,14,Yes,Prepubertal,Female
L5-WT28-F,0,1,1,5,5,1,2,11,13,Yes,Prepubertal,Female
L5-WT28-F,1,4,0,9,3,1,5,13,18,Yes,Prepubertal,Female
L5-WT28-F,0,0,0,9,2,0,0,11,11,Yes,Prepubertal,Female
L5-WT28-F,0,2,0,4,7,0,2,11,13,Yes,Prepubertal,Female
L5-WT35-F,1.008403361,3.697478992,1.008403361,0.672268908,0,0,5.714285714,0.672268908,6.386554622,Yes,Pubertal,Female
L5-WT35-F,0,2.167369055,0.722456352,0.722456352,0.722456352,0,2.889825406,1.444912703,4.33473811,Yes,Pubertal,Female
L5-WT35-F,0,0.969514166,0.969514166,1.939028331,1.615856943,0,1.939028331,3.554885274,5.493913606,Yes,Pubertal,Female
L5-WT35-F,0,2.455661664,0,3.274215553,1.637107776,0,2.455661664,4.911323329,7.366984993,Yes,Pubertal,Female
L5-WT35-F,0,0.768147484,0.384073742,2.304442453,0.384073742,0,1.152221226,2.688516195,3.840737422,Yes,Pubertal,Female
L5-WT35-F,0,1.245847176,0.622923588,0.622923588,0,0,1.868770764,0.622923588,2.491694352,Yes,Pubertal,Female
L5-WT35-F,0,1.581277672,0.948766603,0.948766603,0.632511069,0,2.530044276,1.581277672,4.111321948,Yes,Pubertal,Female
L5-WT35-F,0.328299409,2.626395272,0.984898227,1.313197636,0,0.328299409,3.939592909,1.641497045,5.581089954,Yes,Pubertal,Female
L5-WT35-F,0,3.310040456,1.103346819,1.103346819,0,0,4.413387275,1.103346819,5.516734093,Yes,Pubertal,Female
L5-WT35-F,0.339481725,1.018445174,0.678963449,0.678963449,0,0,2.036890347,0.678963449,2.715853797,Yes,Pubertal,Female
L5-WT35-F,0,1.407954945,0,1.055966209,0.351988736,0,1.407954945,1.407954945,2.815909891,Yes,Pubertal,Female
L5-WT35-F,0.330396476,3.303964758,0.660792952,0.991189427,0.660792952,0,4.295154185,1.651982379,5.947136564,Yes,Pubertal,Female
L5-WT35-F,0.672268908,4.033613445,2.352941176,3.025210084,0.672268908,0.672268908,7.058823529,4.369747899,11.42857143,Yes,Pubertal,Female
L5-WT35-F,1.083684527,5.418422637,4.695966285,2.167369055,0.361228176,0.361228176,11.19807345,2.889825406,14.08789886,Yes,Pubertal,Female
L5-WT35-F,0,2.908542497,0.646342777,3.231713886,1.615856943,0.323171389,3.554885274,5.170742217,8.725627491,Yes,Pubertal,Female
L5-WT35-F,0,1.637107776,0,1.637107776,5.729877217,0,1.637107776,7.366984993,9.004092769,Yes,Pubertal,Female
L5-WT35-F,1.152221226,1.152221226,0,3.840737422,5.37703239,0,2.304442453,9.217769812,11.52221226,Yes,Pubertal,Female
L5-WT35-F,0,6.852159468,1.245847176,1.245847176,1.868770764,0.622923588,8.098006645,3.737541528,11.83554817,Yes,Pubertal,Female
L5-WT35-F,0.632511069,3.478810879,1.265022138,3.162555345,1.265022138,0,5.376344086,4.427577483,9.803921569,Yes,Pubertal,Female
L5-WT35-F,0.656598818,2.954694682,4.596191727,2.298095863,1.969796454,0.328299409,8.207485227,4.596191727,12.80367695,Yes,Pubertal,Female
L5-WT35-F,2.206693637,5.516734093,4.413387275,2.206693637,3.677822729,0.367782273,12.13681501,6.252298639,18.38911364,Yes,Pubertal,Female
L5-WT35-F,0,2.036890347,2.376372072,1.018445174,3.055335521,0,4.413262419,4.073780695,8.487043114,Yes,Pubertal,Female
L5-WT35-F,0,2.815909891,0.703977473,1.407954945,2.111932418,0,3.519887364,3.519887364,7.039774727,Yes,Pubertal,Female
L5-WT35-F,0,4.955947137,0.991189427,0.991189427,2.643171806,0,5.947136564,3.634361233,9.581497797,Yes,Pubertal,Female
L5-WT35-F,1,4,0,4,2,1,5,7,12,Yes,Pubertal,Female
L5-WT35-F,1,4,0,6,5,1,5,12,17,Yes,Pubertal,Female
L5-WT35-F,2,4,2,5,2,0,8,7,15,Yes,Pubertal,Female
L5-WT35-F,2,2,0,9,3,1,4,13,17,Yes,Pubertal,Female
L5-WT35-F,2,3,3,7,6,0,8,13,21,Yes,Pubertal,Female
L5-WT35-F,1,0,1,7,2,0,2,9,11,Yes,Pubertal,Female
L5-WT35-F,2,8,1,2,3,2,11,7,18,Yes,Pubertal,Female
L5-WT35-F,0,7,3,4,5,1,10,10,20,Yes,Pubertal,Female
L5-WT35-F,1,4,3,2,3,0,8,5,13,Yes,Pubertal,Female
L5-WT35-F,1,4,2,5,0,1,7,6,13,Yes,Pubertal,Female
L5-WT35-F,1,4,1,6,6,1,6,13,19,Yes,Pubertal,Female
L5-WT35-F,1,3,0,8,3,0,4,11,15,Yes,Pubertal,Female
L5-WT35-F,0,0,0,11,2,0,0,13,13,Yes,Pubertal,Female
L5-WT35-F,0,2,2,6,4,0,4,10,14,Yes,Pubertal,Female
L5-WT35-F,0,1,1,5,4,0,2,9,11,Yes,Pubertal,Female
L5-WT35-F,2,4,1,3,6,2,7,11,18,Yes,Pubertal,Female
L5-WT35-F,0,9,1,6,5,1,10,12,22,Yes,Pubertal,Female
L5-WT35-F,2,7,1,3,1,0,10,4,14,Yes,Pubertal,Female
L5-WT35-F,0,7,2,6,2,2,9,10,19,Yes,Pubertal,Female
L5-WT35-F,0,7,3,3,7,2,10,12,22,Yes,Pubertal,Female
L5-WT35-F,0,2,3,5,0,0,5,5,10,Yes,Pubertal,Female
L5-WT35-F,0,7,3,1,5,1,10,7,17,Yes,Pubertal,Female
L5-WT35-F,0,4,2,2,3,0,6,5,11,Yes,Pubertal,Female
L5-WT35-F,2,8,6,6,3,2,16,11,27,Yes,Pubertal,Female
L5-WT35-F,0,8,4,6,0,0,12,6,18,Yes,Pubertal,Female
L5-WT35-F,3,3,5,4,1,0,11,5,16,Yes,Pubertal,Female
L5-WT35-F,0,3,3,3,3,2,6,8,14,Yes,Pubertal,Female
L5-WT35-F,0,1,1,6,4,1,2,11,13,Yes,Pubertal,Female
L5-WT35-F,0,1,2,4,4,0,3,8,11,Yes,Pubertal,Female
L5-WT35-F,3,4,3,7,2,0,10,9,19,Yes,Pubertal,Female
L5-WT35-F,4,19,9,5,4,0,32,9,41,Yes,Pubertal,Female
L5-WT35-M,0,4,0,3,4,0,4,7,11,Yes,Pubertal,Male
L5-WT35-M,0,8,1,3,4,1,9,8,17,Yes,Pubertal,Male
L5-WT35-M,0,1,0,4,5,0,1,9,10,Yes,Pubertal,Male
L5-WT35-M,1,3,3,3,2,0,7,5,12,Yes,Pubertal,Male
L5-WT35-M,0,4,1,1,4,0,5,5,10,Yes,Pubertal,Male
L5-WT35-M,1,6,3,4,2,0,10,6,16,Yes,Pubertal,Male
L5-WT35-M,1,2,0,4,2,1,3,7,10,Yes,Pubertal,Male
L5-WT35-M,0,3,2,1,2,1,5,4,9,Yes,Pubertal,Male
L5-WT35-M,0,7,1,2,1,0,8,3,11,Yes,Pubertal,Male
L5-WT35-M,3,9,3,1,3,0,15,4,19,Yes,Pubertal,Male
L5-WT35-M,1,5,1,2,1,0,7,3,10,Yes,Pubertal,Male
L5-WT35-M,1,5,2,2,4,0,8,6,14,Yes,Pubertal,Male
L5-WT35-M,0,2,4,1,4,0,6,5,11,Yes,Pubertal,Male
L5-WT35-M,0,8,1,1,4,1,9,6,15,Yes,Pubertal,Male
L5-WT35-M,0,4,1,1,6,0,5,7,12,Yes,Pubertal,Male
L5-WT35-M,0,4,1,3,8,0,5,11,16,Yes,Pubertal,Male
L5-WT35-M,0,1,1,1,3,0,2,4,6,Yes,Pubertal,Male
L5-WT35-M,0,2,0,1,1,0,2,2,4,Yes,Pubertal,Male
L5-WT35-M,0,2,1,2,3,0,3,5,8,Yes,Pubertal,Male
L5-WT35-M,1,1,0,0,1,0,2,1,3,Yes,Pubertal,Male
L5-WT35-M,0,9,3,3,4,0,12,7,19,Yes,Pubertal,Male
L5-WT35-M,1,5,4,2,1,0,10,3,13,Yes,Pubertal,Male
L5-WT35-M,2,2,1,3,1,0,5,4,9,Yes,Pubertal,Male
L5-WT35-M,1,7,4,0,1,0,12,1,13,Yes,Pubertal,Male
L5-WT35-M,1,5,3,4,3,0,9,7,16,Yes,Pubertal,Male
L5-WT35-M,0,10,0,3,2,0,10,5,15,Yes,Pubertal,Male
L5-WT35-M,2,8,4,1,4,0,14,5,19,Yes,Pubertal,Male
L5-WT35-M,1,8,1,2,1,0,10,3,13,Yes,Pubertal,Male
L5-WT35-M,1,11,3,3,2,1,15,6,21,Yes,Pubertal,Male
L5-WT35-M,0,4,3,2,2,0,7,4,11,Yes,Pubertal,Male
L5-WT35-M,0,10,2,1,1,0,12,2,14,Yes,Pubertal,Male
L5-WT35-M,0,6,1,4,5,1,7,10,17,Yes,Pubertal,Male
L5-WT35-M,0,2,0,1,7,0,2,8,10,Yes,Pubertal,Male
L5-WT35-M,0,3,0,4,2,0,3,6,9,Yes,Pubertal,Male
L5-WT35-M,0,5,0,2,0,1,5,3,8,Yes,Pubertal,Male
L5-WT35-M,0,3,2,5,1,0,5,6,11,Yes,Pubertal,Male
L5-WT56-M,0,3,1,1,1,0,4,2,6,Yes,Postpubertal,Male
L5-WT56-M,0,2,1,3,1,0,3,4,7,Yes,Postpubertal,Male
L5-WT56-M,0,0,0,0,2,0,0,2,2,Yes,Postpubertal,Male
L5-WT56-M,2,4,0,0,1,0,6,1,7,Yes,Postpubertal,Male
L5-WT56-M,0,1,0,0,2,0,1,2,3,Yes,Postpubertal,Male
L5-WT56-M,0,1,0,2,2,0,1,4,5,Yes,Postpubertal,Male
L5-WT56-M,0,1,1,1,3,0,2,4,6,Yes,Postpubertal,Male
L5-WT56-M,0,5,0,0,0,0,5,0,5,Yes,Postpubertal,Male
L5-WT56-M,1,2,1,1,1,1,4,3,7,Yes,Postpubertal,Male
L5-WT56-M,0,6,0,0,0,1,6,1,7,Yes,Postpubertal,Male
L5-WT56-M,2,2,0,1,1,0,4,2,6,Yes,Postpubertal,Male
L5-WT56-M,0,3,1,0,0,0,4,0,4,Yes,Postpubertal,Male
L5-WT56-M,0,3,0,0,2,0,3,2,5,Yes,Postpubertal,Male
L5-WT56-M,0,4,2,1,0,0,6,1,7,Yes,Postpubertal,Male
L5-WT56-M,0,2,1,2,1,0,3,3,6,Yes,Postpubertal,Male
L5-WT56-M,1,2,0,4,1,0,3,5,8,Yes,Postpubertal,Male
L5-WT56-M,0,0,0,5,1,0,0,6,6,Yes,Postpubertal,Male
L5-WT56-M,1,2,0,1,3,0,3,4,7,Yes,Postpubertal,Male
L5-WT56-M,0,2,1,2,0,0,3,2,5,Yes,Postpubertal,Male
L5-WT56-M,1,3,0,1,1,0,4,2,6,Yes,Postpubertal,Male
L5-WT56-M,2,2,1,2,0,0,5,2,7,Yes,Postpubertal,Male
L5-WT56-M,2,5,0,1,0,0,7,1,8,Yes,Postpubertal,Male
L5-WT56-M,0,4,0,0,3,0,4,3,7,Yes,Postpubertal,Male
L5-WT56-M,1,3,1,0,0,0,5,0,5,Yes,Postpubertal,Male
L5-WT56-M,1,1,0,1,1,0,2,2,4,Yes,Postpubertal,Male
L5-WT56-M,0,4,0,0,3,0,4,3,7,Yes,Postpubertal,Male
L5-WT56-M,0,4,0,0,0,0,4,0,4,Yes,Postpubertal,Male
L5-WT56-M,0,5,0,0,1,0,5,1,6,Yes,Postpubertal,Male
L5-WT56-M,0,1,0,4,1,0,1,5,6,Yes,Postpubertal,Male
L5-WT56-M,0,4,0,1,1,0,4,2,6,Yes,Postpubertal,Male
L5-WT56-M,0,4,1,1,1,0,5,2,7,Yes,Postpubertal,Male
L5-WT56-M,0,1,0,2,2,0,1,4,5,Yes,Postpubertal,Male
L5-WT56-M,1,2,1,0,0,0,4,0,4,Yes,Postpubertal,Male
L5-WT56-M,0,2,1,1,1,0,3,2,5,Yes,Postpubertal,Male
L5-WT56-M,0,4,0,0,1,0,4,1,5,Yes,Postpubertal,Male
L5-WT56-M,0,3,0,1,1,0,3,2,5,Yes,Postpubertal,Male
L5-WT56-M,0,0,0,0,1,0,0,1,1,Yes,Postpubertal,Male
L5-WT56-M,1,1,1,2,2,0,3,4,7,Yes,Postpubertal,Male
L5-WT56-M,0,3,0,0,0,0,3,0,3,Yes,Postpubertal,Male
L5-WT56-M,3,1,0,2,0,0,4,2,6,Yes,Postpubertal,Male
L5-WT56-M,0,2,0,1,3,0,2,4,6,Yes,Postpubertal,Male
L5-WT56-M,0,2,0,0,1,0,2,1,3,Yes,Postpubertal,Male
L5-WT56-M,1,3,0,1,0,0,4,1,5,Yes,Postpubertal,Male
L5-WT56-M,0,4,1,1,1,0,5,2,7,Yes,Postpubertal,Male
L5-WT56-M,2,3,0,1,0,0,5,1,6,Yes,Postpubertal,Male
L5-WT56-M,1,1,1,2,0,0,3,2,5,Yes,Postpubertal,Male
L5-WT56-M,0,1,0,0,3,0,1,3,4,Yes,Postpubertal,Male
L5-WT56-M,0,1,0,4,1,0,1,5,6,Yes,Postpubertal,Male
L5-WT56-M,0,1,0,0,1,0,1,1,2,Yes,Postpubertal,Male
L5-WT56-M,0,2,0,1,0,0,2,1,3,Yes,Postpubertal,Male
L5-WT56-M,0,0,0,3,2,0,0,5,5,Yes,Postpubertal,Male
L5-WT56-M,0,4,1,0,0,1,5,1,6,Yes,Postpubertal,Male
L5-WT56-M,0,2,0,1,1,0,2,2,4,Yes,Postpubertal,Male
L5-WT56-M,0,1,1,2,1,0,2,3,5,Yes,Postpubertal,Male
L5-WT56-M,0,3,0,1,0,0,3,1,4,Yes,Postpubertal,Male
L5-WT56-M,0,1,0,1,4,0,1,5,6,Yes,Postpubertal,Male
L5-WT56-M,0,4,0,0,1,0,4,1,5,Yes,Postpubertal,Male
L5-WT56-M,0,5,0,1,0,0,5,1,6,Yes,Postpubertal,Male
L5-WT56-M,0,4,0,0,0,0,4,0,4,Yes,Postpubertal,Male
L5-WT56-M,0,2,0,0,2,0,2,2,4,Yes,Postpubertal,Male
L5-WT56-M,0,4,1,2,0,0,5,2,7,Yes,Postpubertal,Male
L5-F56-CRE,0,9,1,7,2,1,10,10,20,No,Postpubertal,Female
L5-F56-CRE,0,9,1,7,2,1,10,10,20,No,Postpubertal,Female
L5-F56-CRE,0,3,0,0,1,0,3,1,4,No,Postpubertal,Female
L5-F56-CRE,0,6,2,1,2,0,8,3,11,No,Postpubertal,Female
L5-F56-CRE,0,5,0,6,5,0,5,11,16,No,Postpubertal,Female
L5-F56-CRE,0,13,2,4,2,1,15,7,22,No,Postpubertal,Female
L5-F56-CRE,0,15,1,6,3,0,16,9,25,No,Postpubertal,Female
L5-F56-CRE,0,5,1,5,2,0,6,7,13,No,Postpubertal,Female
L5-F56-CRE,0,10,0,3,5,2,10,10,20,No,Postpubertal,Female
L5-F56-CRE,2,7,1,7,4,0,10,11,21,No,Postpubertal,Female
L5-F56-CRE,0,4,0,1,3,1,4,5,9,No,Postpubertal,Female
L5-F56-CRE,0,2,0,0,0,0,2,0,2,No,Postpubertal,Female
L5-F56-CRE,0,4,0,0,1,0,4,1,5,No,Postpubertal,Female
L5-F56-CRE,0,1,0,0,2,0,1,2,3,No,Postpubertal,Female
L5-F56-CRE,0,4,0,0,3,0,4,3,7,No,Postpubertal,Female
L5-F56-CRE,2,4,3,4,2,0,9,6,15,No,Postpubertal,Female
L5-F56-CRE,0,5,1,2,3,0,6,5,11,No,Postpubertal,Female
L5-F56-CRE,0,2,1,4,5,1,3,10,13,No,Postpubertal,Female
L5-F56-CRE,0,1,1,6,4,0,2,10,12,No,Postpubertal,Female
L5-F56-CRE,0,5,3,6,2,1,8,9,17,No,Postpubertal,Female
L5-F56-CRE,0,3,4,1,1,0,7,2,9,No,Postpubertal,Female
L5-F56-CRE,2,4,2,3,3,0,8,6,14,No,Postpubertal,Female
L5-F56-CRE,1,7,2,4,4,1,10,9,19,No,Postpubertal,Female
L5-F56-CRE,3,8,4,8,1,0,15,9,24,No,Postpubertal,Female
L5-F56-CRE,1,4,1,5,2,1,6,8,14,No,Postpubertal,Female
L5-F56-CRE,2,9,2,9,4,0,13,13,26,No,Postpubertal,Female
L5-F56-CRE,0,10,0,3,4,0,10,7,17,No,Postpubertal,Female
L5-F56-CRE,0,2,0,1,4,0,2,5,7,No,Postpubertal,Female
L5-F56-CRE,0,3,1,4,1,0,4,5,9,No,Postpubertal,Female
L5-F56-CRE,0,8,2,4,3,0,10,7,17,No,Postpubertal,Female
L5-F56-CRE,0,5,1,6,2,1,6,9,15,No,Postpubertal,Female
L5-F56-CRE,0,5,4,1,2,0,9,3,12,No,Postpubertal,Female
L5-F56-CRE,0,5,0,0,2,0,5,2,7,No,Postpubertal,Female
L5-F56-CRE,0,6,3,1,1,0,9,2,11,No,Postpubertal,Female
L5-F56-CRE,0,3,0,3,3,0,3,6,9,No,Postpubertal,Female
L5-F56-CRE,0,1,0,1,1,0,1,2,3,No,Postpubertal,Female
L5-F56-GFP,0,3,0,0,0,0,3,0,3,Yes,Postpubertal,Female
L5-F56-GFP,0,2,0,2,2,0,2,4,6,Yes,Postpubertal,Female
L5-F56-GFP,1,5,1,1,1,1,7,3,10,Yes,Postpubertal,Female
L5-F56-GFP,0,7,0,0,2,0,7,2,9,Yes,Postpubertal,Female
L5-F56-GFP,0,3,0,2,3,0,3,5,8,Yes,Postpubertal,Female
L5-F56-GFP,0,3,0,2,4,0,3,6,9,Yes,Postpubertal,Female
L5-F56-GFP,0,1,1,3,3,1,2,7,9,Yes,Postpubertal,Female
L5-F56-GFP,0,3,0,4,3,0,3,7,10,Yes,Postpubertal,Female
L5-F56-GFP,0,6,0,2,2,0,6,4,10,Yes,Postpubertal,Female
L5-F56-GFP,1,1,1,2,1,1,3,4,7,Yes,Postpubertal,Female
L5-F56-GFP,0,3,0,0,1,0,3,1,4,Yes,Postpubertal,Female
L5-F56-GFP,0,4,0,1,2,0,4,3,7,Yes,Postpubertal,Female
L5-F56-GFP,1,2,1,1,5,1,4,7,11,Yes,Postpubertal,Female
L5-F56-GFP,0,3,0,2,0,0,3,2,5,Yes,Postpubertal,Female
L5-F56-GFP,0,1,1,5,0,1,2,6,8,Yes,Postpubertal,Female
L5-F56-GFP,0,1,0,0,2,0,1,2,3,Yes,Postpubertal,Female
L5-F56-GFP,0,2,0,0,1,0,2,1,3,Yes,Postpubertal,Female
L5-F56-GFP,0,2,1,2,3,1,3,6,9,Yes,Postpubertal,Female
L5-F56-GFP,0,4,0,1,1,0,4,2,6,Yes,Postpubertal,Female
L5-F56-GFP,0,1,0,2,2,0,1,4,5,Yes,Postpubertal,Female
L5-F56-GFP,0,3,1,0,1,1,4,2,6,Yes,Postpubertal,Female
L5-F56-GFP,0,3,0,1,0,0,3,1,4,Yes,Postpubertal,Female
L5-F56-GFP,0,7,0,1,2,0,7,3,10,Yes,Postpubertal,Female
L5-F56-GFP,0,0,0,2,1,0,0,3,3,Yes,Postpubertal,Female
L5-F56-GFP,0,3,0,0,0,0,3,0,3,Yes,Postpubertal,Female
L5-F56-GFP,0,3,0,2,2,0,3,4,7,Yes,Postpubertal,Female
L5-F56-GFP,0,4,1,1,2,1,5,4,9,Yes,Postpubertal,Female
L5-F56-GFP,0,2,0,0,2,0,2,2,4,Yes,Postpubertal,Female
L5-F56-GFP,0,2,0,1,2,0,2,3,5,Yes,Postpubertal,Female
L5-F56-GFP,0,3,2,0,1,2,5,3,8,Yes,Postpubertal,Female
L5-F56-GFP,0,6,1,2,2,1,7,5,12,Yes,Postpubertal,Female
L5-F56-GFP,0,0,0,2,1,0,0,3,3,Yes,Postpubertal,Female
L5-F56-GFP,0,5,0,1,4,0,5,5,10,Yes,Postpubertal,Female
L5-F56-GFP,0,5,0,1,2,0,5,3,8,Yes,Postpubertal,Female
L5-F56-GFP,1,1,1,1,2,1,3,4,7,Yes,Postpubertal,Female
L5-F56-GFP,0,1,0,1,1,0,1,2,3,Yes,Postpubertal,Female
L5-F56-GFP,0,6.990131579,3.289473684,0.822368421,1.233552632,0.822368421,10.27960526,2.878289474,13.15789474,Yes,Postpubertal,Female
L5-KO35-F,2.407704655,5.718298555,5.417335474,3.3105939,0.902889246,0.300963082,13.54333868,4.514446228,18.05778491,No,Pubertal,Female
L5-KO35-F,0.231857176,5.564572224,1.623000232,2.086714584,1.391143056,0.231857176,7.419429631,3.709714816,11.12914445,No,Pubertal,Female
L5-KO35-F,0.862874811,6.040123679,1.941468325,1.078593514,0.862874811,0.862874811,8.844466815,2.804343137,11.64880995,No,Pubertal,Female
L5-KO35-F,0.238777459,8.357211079,5.014326648,2.387774594,0.955109838,0,13.61031519,3.342884432,16.95319962,No,Pubertal,Female
L5-KO35-F,1.036001036,8.029008029,5.698005698,0.518000518,0,0.259000259,14.76301476,0.777000777,15.54001554,No,Pubertal,Female
L5-KO35-F,0.99575146,4.580456718,1.593202337,2.389803505,0,0.398300584,7.169410515,2.788104089,9.957514604,No,Pubertal,Female
L5-KO35-F,0.605489774,5.247578041,2.018299247,1.816469322,1.009149623,0.201829925,7.871367061,3.02744887,10.89881593,No,Pubertal,Female
L5-KO35-F,0,4.420296528,5.249102127,2.210148264,1.657611198,0.552537066,9.669398655,4.420296528,14.08969518,No,Pubertal,Female
L5-KO35-F,1.691570341,2.748801804,3.17169439,4.440372145,2.114462926,0.422892585,7.612066535,6.977727657,14.58979419,No,Pubertal,Female
L5-KO35-F,1.214870009,4.616506034,3.887584029,4.859480036,1.700818012,0.485948004,9.718960071,7.046246052,16.76520612,No,Pubertal,Female
L5-KO35-F,0,2.055921053,1.644736842,0,0.411184211,0,3.700657895,0.411184211,4.111842105,No,Pubertal,Female
L5-KO35-F,0,3.3105939,0.902889246,0.300963082,1.203852327,0,4.213483146,1.504815409,5.718298555,No,Pubertal,Female
L5-KO35-F,0,6.028286575,0.927428704,0,0,0.463714352,6.955715279,0.463714352,7.419429631,No,Pubertal,Female
L5-KO35-F,0,6.687279787,0.647156108,0.215718703,1.941468325,0,7.334435896,2.157187028,9.491622924,No,Pubertal,Female
L5-KO35-F,0,3.104106972,2.626552053,0.716332378,0.716332378,0,5.730659026,1.432664756,7.163323782,No,Pubertal,Female
L5-KO35-F,0.259000259,4.403004403,0.518000518,0,0.777000777,0,5.18000518,0.777000777,5.957005957,No,Pubertal,Female
L5-KO35-F,0,3.983005842,0.99575146,0.597450876,0.199150292,0,4.978757302,0.796601168,5.775358471,No,Pubertal,Female
L5-KO35-F,0.201829925,1.816469322,0.403659849,0.403659849,0.201829925,0.201829925,2.421959096,0.807319699,3.229278794,No,Pubertal,Female
L5-KO35-F,0.552537066,5.52537066,0.552537066,1.657611198,0.552537066,0.276268533,6.630444792,2.486416797,9.116861589,No,Pubertal,Female
L5-KO35-F,0,1.691570341,1.268677756,0.211446293,0.422892585,0.211446293,2.960248097,0.845785171,3.806033268,No,Pubertal,Female
L5-KO35-F,0.485948004,2.429740018,1.943792014,1.214870009,1.214870009,0.242974002,4.859480036,2.67271402,7.532194055,No,Pubertal,Female
L5-KO35-F,4,4,0,6,1,1,8,8,16,No,Pubertal,Female
L5-KO35-F,1,2,1,4,3,0,4,7,11,No,Pubertal,Female
L5-KO35-F,1,3,0,6,0,1,4,7,11,No,Pubertal,Female
L5-KO35-F,4,5,2,3,3,1,11,7,18,No,Pubertal,Female
L5-KO35-F,3,2,2,6,3,0,7,9,16,No,Pubertal,Female
L5-KO35-F,0,6,0,7,4,0,6,11,17,No,Pubertal,Female
L5-KO35-F,1,0,1,8,2,0,2,10,12,No,Pubertal,Female
L5-KO35-F,1,2,0,5,6,0,3,11,14,No,Pubertal,Female
L5-KO35-F,2,5,2,6,3,0,9,9,18,No,Pubertal,Female
L5-KO35-M,0,4,3,4,0,0,7,4,11,No,Pubertal,Male
L5-KO35-M,0,8,3,4,1,1,11,6,17,No,Pubertal,Male
L5-KO35-M,0,1,4,5,0,0,5,5,10,No,Pubertal,Male
L5-KO35-M,1,3,3,2,3,0,7,5,12,No,Pubertal,Male
L5-KO35-M,0,4,1,4,1,0,5,5,10,No,Pubertal,Male
L5-KO35-M,1,6,4,2,3,0,11,5,16,No,Pubertal,Male
L5-KO35-M,1,2,4,2,0,1,7,3,10,No,Pubertal,Male
L5-KO35-M,0,3,1,2,2,1,4,5,9,No,Pubertal,Male
L5-KO35-M,0,7,2,1,1,0,9,2,11,No,Pubertal,Male
L5-KO35-M,3,9,1,3,3,0,13,6,19,No,Pubertal,Male
L5-KO35-M,1,5,2,1,1,0,8,2,10,No,Pubertal,Male
L5-KO35-M,1,5,2,4,2,0,8,6,14,No,Pubertal,Male
L5-KO35-M,0,2,1,4,4,0,3,8,11,No,Pubertal,Male
L5-KO35-M,0,8,1,4,1,1,9,6,15,No,Pubertal,Male
L5-KO35-M,0,4,1,6,1,0,5,7,12,No,Pubertal,Male
L5-KO35-M,0,4,3,8,1,0,7,9,16,No,Pubertal,Male
L5-KO35-M,0,1,1,3,1,0,2,4,6,No,Pubertal,Male
L5-KO35-M,0,2,1,1,0,0,3,1,4,No,Pubertal,Male
L5-KO35-M,0,2,2,3,1,0,4,4,8,No,Pubertal,Male
L5-KO35-M,1,1,0,1,0,0,2,1,3,No,Pubertal,Male
L5-KO35-M,0,9,3,4,3,0,12,7,19,No,Pubertal,Male
L5-KO35-M,1,5,2,1,4,0,8,5,13,No,Pubertal,Male
L5-KO35-M,2,2,3,1,1,0,7,2,9,No,Pubertal,Male
L5-KO35-M,1,7,0,1,4,0,8,5,13,No,Pubertal,Male
L5-KO35-M,1,5,4,3,3,0,10,6,16,No,Pubertal,Male
L5-KO35-M,0,10,3,2,0,0,13,2,15,No,Pubertal,Male
L5-KO35-M,2,8,1,4,4,0,11,8,19,No,Pubertal,Male
L5-KO35-M,1,8,2,1,1,0,11,2,13,No,Pubertal,Male
L5-KO35-M,1,11,3,2,3,1,15,6,21,No,Pubertal,Male
L5-KO35-M,0,4,2,2,3,0,6,5,11,No,Pubertal,Male
L5-KO35-M,0,10,1,1,2,0,11,3,14,No,Pubertal,Male
L5-KO35-M,0,6,4,5,1,1,10,7,17,No,Pubertal,Male
L5-KO35-M,0,2,1,7,0,0,3,7,10,No,Pubertal,Male
L5-KO35-M,0,3,4,2,0,0,7,2,9,No,Pubertal,Male
L5-KO35-M,0,5,2,0,0,1,7,1,8,No,Pubertal,Male
L5-KO35-M,0,3,5,1,2,0,8,3,11,No,Pubertal,Male
L5-KO35-M,4,7,0,0,0,5,11,5,16,No,Pubertal,Male
L5-KO35-M,2,0,5,1,0,6,7,7,14,No,Pubertal,Male
L5-KO35-M,4,3,1,0,0,9,8,9,17,No,Pubertal,Male
L5-KO35-M,3,2,0,1,1,11,5,13,18,No,Pubertal,Male
L5-KO35-M,2,2,1,1,0,4,5,5,10,No,Pubertal,Male
L5-KO35-M,2,3,0,0,5,14,5,19,24,No,Pubertal,Male
L5-KO56-F,1.455099778,2.910199557,2.078713969,0.623614191,0.415742794,0,6.444013304,1.039356984,7.483370288,No,Postpubertal,Female
L5-KO56-F,0,2.872875269,0.239406272,0.718218817,0.95762509,0,3.112281542,1.675843907,4.788125449,No,Postpubertal,Female
L5-KO56-F,0,0.972762646,0.972762646,0.324254215,0.648508431,0,1.945525292,0.972762646,2.918287938,No,Postpubertal,Female
L5-KO56-F,0,1.629106706,0,0,2.036383383,0,1.629106706,2.036383383,3.66549009,No,Postpubertal,Female
L5-KO56-F,0.235941801,3.539127015,0,0.471883602,0.707825403,0,3.775068816,1.179709005,4.954777821,No,Postpubertal,Female
L5-KO56-F,0,2.459016393,0.983606557,0.983606557,0,0,3.442622951,0.983606557,4.426229508,No,Postpubertal,Female
L5-KO56-F,0.474946569,1.424839706,0.237473284,0.949893137,0.949893137,0,2.137259558,1.899786274,4.037045832,No,Postpubertal,Female
L5-KO56-F,0,1.882766411,0,0.753106565,0.376553282,0,1.882766411,1.129659847,3.012426258,No,Postpubertal,Female
L5-KO56-F,0.461077384,3.688619073,1.613770845,1.383232152,1.383232152,0,5.763467302,2.766464305,8.529931607,No,Postpubertal,Female
L5-KO56-F,0,1.374727918,0.34368198,0.34368198,0.34368198,0,1.718409898,0.687363959,2.405773857,No,Postpubertal,Female
L5-KO56-F,0.547945205,3.561643836,1.643835616,1.369863014,0.547945205,0.547945205,5.753424658,2.465753425,8.219178082,No,Postpubertal,Female
L5-KO56-F,0.623614191,5.820399113,2.70232816,2.70232816,1.039356984,0.415742794,9.146341463,4.157427938,13.3037694,No,Postpubertal,Female
L5-KO56-F,0.718218817,3.591094087,2.872875269,0.478812545,0.239406272,0.718218817,7.182188173,1.436437635,8.618625808,No,Postpubertal,Female
L5-KO56-F,0.324254215,3.566796368,4.539559014,2.594033722,1.621271077,0.324254215,8.430609598,4.539559014,12.97016861,No,Postpubertal,Female
L5-KO56-F,0,2.036383383,1.629106706,1.22183003,0.814553353,0.407276677,3.66549009,2.44366006,6.109150149,No,Postpubertal,Female
L5-KO56-F,0.235941801,1.179709005,0.707825403,0.235941801,0.943767204,0,2.123476209,1.179709005,3.303185214,No,Postpubertal,Female
L5-KO56-F,1.721311475,4.426229508,2.459016393,1.475409836,0.737704918,0.491803279,8.606557377,2.704918033,11.31147541,No,Postpubertal,Female
L5-KO56-F,0.474946569,4.274519117,1.899786274,1.424839706,0.712419853,0,6.649251959,2.137259558,8.786511517,No,Postpubertal,Female
L5-KO56-F,1.882766411,3.765532823,1.506213129,0.753106565,1.506213129,0,7.154512363,2.259319694,9.413832057,No,Postpubertal,Female
L5-KO56-F,0,5.994005994,2.535925613,1.383232152,0.691616076,0.230538692,8.529931607,2.305386921,10.83531853,No,Postpubertal,Female
L5-KO56-F,0,2.405773857,5.155229694,4.467865735,1.374727918,0.687363959,7.561003551,6.529957613,14.09096116,No,Postpubertal,Female
L5-KO56-F,0.273972603,5.479452055,3.561643836,2.465753425,1.369863014,0.547945205,9.315068493,4.383561644,13.69863014,No,Postpubertal,Female
L5-KO56-F,2,2,0,8,2,0,4,10,14,No,Postpubertal,Female
L5-KO56-F,2,1,3,6,2,1,6,9,15,No,Postpubertal,Female
L5-KO56-F,3,0,1,12,0,0,4,12,16,No,Postpubertal,Female
L5-KO56-F,0,1,0,10,4,0,1,14,15,No,Postpubertal,Female
L5-KO56-F,3.11807,14.34313,6.65188,4.3653,2.87829,1.23355,24.11308,8.47714,32.59022,No,Postpubertal,Female
L5-KO56-F,1.67584,10.77328,5.02753,2.87288,3.61156,1.20385,17.47665,7.68829,25.16494,No,Postpubertal,Female
L5-KO56-F,0.64851,7.7821,8.43061,4.2153,2.31857,1.15929,16.86122,7.69316,24.55438,No,Postpubertal,Female
L5-KO56-F,0,6.51643,2.03638,2.03638,3.23578,1.07859,8.55281,6.35075,14.90356,No,Postpubertal,Female
L5-KO56-F,1.17971,9.67361,1.41565,0.94377,1.91022,0,12.26897,2.85399,15.12296,No,Postpubertal,Female
L5-KO56-F,1.72131,11.80328,5.40984,3.68852,1.813,0.518,18.93443,6.01952,24.95395,No,Postpubertal,Female
L5-KO56-F,1.18737,9.02398,3.32463,4.03705,1.5932,0.59745,13.53598,6.2277,19.76368,No,Postpubertal,Female
L5-KO56-F,3.01243,7.90762,3.38898,3.01243,3.22928,0.80732,14.30903,7.04903,21.35806,No,Postpubertal,Female
L5-KO56-F,0.92215,15.21555,5.07185,4.61077,2.76269,1.38134,21.20955,8.7548,29.96435,No,Postpubertal,Female
L5-KO56-F,0.34368,6.18628,7.561,6.52996,4.22893,0.63434,14.09096,11.39323,25.48419,No,Postpubertal,Female
L5-KO56-F,1.64384,12.32877,6.0274,4.65753,5.5884,0.9719,20.00001,11.21783,31.21784,No,Postpubertal,Female
L5-KO56-M,0,6,2,3,1,0,8,4,12,No,Postpubertal,Female
L5-KO56-M,1,6,0,2,0,2,7,4,11,No,Postpubertal,Male
L5-KO56-M,1,7,0,3,2,1,8,6,14,No,Postpubertal,Male
L5-KO56-M,0,2,1,4,3,0,3,7,10,No,Postpubertal,Male
L5-KO56-M,1,8,2,4,1,1,11,6,17,No,Postpubertal,Male
L5-KO56-M,0,1,1,2,2,0,2,4,6,No,Postpubertal,Male
L5-KO56-M,0,5,0,1,3,1,5,5,10,No,Postpubertal,Male
L5-KO56-M,0,3,2,2,1,0,5,3,8,No,Postpubertal,Male
L5-KO56-M,0,4,0,0,2,0,4,2,6,No,Postpubertal,Male
L5-KO56-M,0,6,0,1,2,0,6,3,9,No,Postpubertal,Male
L5-KO56-M,1,1,0,2,2,0,2,4,6,No,Postpubertal,Male
L5-KO56-M,2,5,0,0,3,2,7,5,12,No,Postpubertal,Male
L5-KO56-M,0,3,1,7,2,0,4,9,13,No,Postpubertal,Male
L5-KO56-M,1,3,0,5,2,0,4,7,11,No,Postpubertal,Male
L5-KO56-M,1,3,1,2,2,0,5,4,9,No,Postpubertal,Male
L5-KO56-M,1,3,1,5,2,0,5,7,12,No,Postpubertal,Male
L5-KO56-M,0,5,2,2,1,0,7,3,10,No,Postpubertal,Male
L5-KO56-M,2,9,1,3,3,0,12,6,18,No,Postpubertal,Male
L5-KO56-M,1,9,0,0,2,1,10,3,13,No,Postpubertal,Male
L5-KO56-M,0,7,3,2,1,0,10,3,13,No,Postpubertal,Male
L5-KO56-M,0,3,0,4,3,1,3,8,11,No,Postpubertal,Male
L5-KO56-M,0,4,3,0,1,0,7,1,8,No,Postpubertal,Male
L5-KO56-M,0,8,0,1,5,0,8,6,14,No,Postpubertal,Male
L5-KO56-M,0,5,0,4,2,0,5,6,11,No,Postpubertal,Male
L5-KO56-M,1,9,0,3,0,0,10,3,13,No,Postpubertal,Male
